{
  "args": {
    "data_dir": "data",
    "min_freq": 2,
    "max_len": 128,
    "d_model": 256,
    "n_heads": 4,
    "n_layers": 6,
    "d_ff": 1024,
    "dropout": 0.1,
    "batch_size": 64,
    "epochs": 15,
    "lr": 0.0001,
    "weight_decay": 0.01,
    "clip_grad": 1.0,
    "label_smoothing": 0.1,
    "use_warmup": false,
    "warmup_steps": 4000,
    "seed": 42,
    "save_dir": "checkpoints",
    "num_workers": 0,
    "exp_name": "ablation_more_layers"
  },
  "train_losses": [
    5.897254561058563,
    5.2004104084300735,
    4.890388275201485,
    4.681351178811613,
    4.52233679953629,
    4.317524385563485,
    4.064275346319443,
    3.8292081018728545,
    3.626339199117523,
    3.466283707366426,
    3.337895078391301,
    3.226340265793509,
    3.130773360532876,
    3.045993928896259,
    2.9734070265773744
  ],
  "valid_losses": [
    5.24848992933825,
    4.850609596974835,
    4.61067936193663,
    4.453310376265696,
    4.324852090148759,
    4.032911565681582,
    3.766206615658083,
    3.5154024963140595,
    3.330138864590242,
    3.2067985555945535,
    3.0985047768085905,
    3.0340699923444814,
    2.9660244723691855,
    2.9473988330347756,
    2.883279523820385
  ],
  "test_loss": 2.9592190331929893,
  "test_ppl": 19.282906563592192,
  "best_valid_loss": 2.883279523820385,
  "model_params": {
    "total": 68136552,
    "trainable": 68136552
  },
  "src_vocab_size": 59616,
  "tgt_vocab_size": 81512
}