{
  "args": {
    "data_dir": "data",
    "min_freq": 2,
    "max_len": 128,
    "d_model": 256,
    "n_heads": 4,
    "n_layers": 4,
    "d_ff": 1024,
    "dropout": 0.0,
    "batch_size": 64,
    "epochs": 15,
    "lr": 0.0001,
    "weight_decay": 0.01,
    "clip_grad": 1.0,
    "label_smoothing": 0.1,
    "use_warmup": false,
    "warmup_steps": 4000,
    "seed": 42,
    "save_dir": "checkpoints",
    "num_workers": 0,
    "exp_name": "ablation_no_dropout"
  },
  "train_losses": [
    5.397135374121466,
    4.187807999737529,
    3.626325253975469,
    3.26841365527681,
    3.01081251184974,
    2.8106469962244414,
    2.6431692772721913,
    2.501870273978016,
    2.3799486109864563,
    2.270009491229848,
    2.175475426354414,
    2.0980878824236204,
    2.0357520329281678,
    1.97902851183027,
    1.9220939797188983
  ],
  "valid_losses": [
    4.4672939944849315,
    3.7726063407247157,
    3.4296293822591175,
    3.232896021163612,
    3.125521998713501,
    3.091498725675647,
    3.093710917596826,
    3.0970957409204396,
    3.173813694608426,
    3.208351823521451,
    3.2858810275861714,
    3.3725626469619367,
    3.3916733411257853,
    3.4459989224502645,
    3.471070516815058
  ],
  "test_loss": 3.482286416028154,
  "test_ppl": 32.53402341420418,
  "best_valid_loss": 3.091498725675647,
  "model_params": {
    "total": 64450152,
    "trainable": 64450152
  },
  "src_vocab_size": 59616,
  "tgt_vocab_size": 81512
}