{
  "args": {
    "data_dir": "data",
    "min_freq": 2,
    "max_len": 128,
    "mode": "encoder",
    "d_model": 128,
    "n_heads": 4,
    "n_layers": 4,
    "d_ff": 512,
    "dropout": 0.1,
    "batch_size": 64,
    "epochs": 15,
    "lr": 0.0001,
    "weight_decay": 0.01,
    "clip_grad": 1.0,
    "label_smoothing": 0.1,
    "use_warmup": false,
    "warmup_steps": 4000,
    "seed": 42,
    "save_dir": "checkpoints",
    "num_workers": 0,
    "use_pos_encoding": true,
    "exp_name": "ablation_smaller_model"
  },
  "train_losses": [
    7.447115752155286,
    6.096961647140809,
    5.8012934571149835,
    5.598296972350475,
    5.441448077279793,
    5.308149728952935,
    5.176096804780893,
    4.995310604123388,
    4.559863194613452,
    3.833848830523305,
    3.2460675022691245,
    2.8325846490428077,
    2.512254277230905,
    2.2450661893266646,
    2.0149639331920537
  ],
  "valid_losses": [
    6.25336360167189,
    5.741079555745512,
    5.4974701062468165,
    5.3353082324899255,
    5.204961799362254,
    5.0858730267330206,
    4.933584075153838,
    4.606099553786475,
    3.6889913246599186,
    2.9453426875658035,
    2.5208787820334626,
    2.203716007085668,
    1.9455437753455214,
    1.7212253221196618,
    1.5263507438046813
  ],
  "test_loss": 1.486584236012331,
  "test_ppl": 4.4219653032539545,
  "best_valid_loss": 1.5263507438046813,
  "model_params": {
    "total": 8222444,
    "trainable": 8222444
  }
}