{
  "args": {
    "data_dir": "data",
    "min_freq": 2,
    "max_len": 128,
    "mode": "encoder",
    "d_model": 256,
    "n_heads": 4,
    "n_layers": 4,
    "d_ff": 1024,
    "dropout": 0.1,
    "batch_size": 64,
    "epochs": 15,
    "lr": 0.0001,
    "weight_decay": 0.01,
    "clip_grad": 1.0,
    "label_smoothing": 0.1,
    "use_warmup": false,
    "warmup_steps": 4000,
    "seed": 42,
    "save_dir": "checkpoints",
    "num_workers": 0,
    "use_pos_encoding": false,
    "exp_name": "ablation_no_positional_encoding"
  },
  "train_losses": [
    6.769454627009836,
    5.699197033046807,
    4.930920015513514,
    3.6066938933296835,
    2.8343040315168864,
    2.290496559331242,
    1.8672726756763278,
    1.5484185005575613,
    1.3061615062453773,
    1.117278134787327,
    0.9680812530462298,
    0.8462025274656384,
    0.7458072128598884,
    0.662605150043678,
    0.5926570508497437
  ],
  "valid_losses": [
    5.736294146133747,
    5.285244893976609,
    3.6905392550869536,
    2.7335194590034497,
    2.155666446821195,
    1.7103242900518894,
    1.3773120829880385,
    1.1342934027208538,
    0.9559893012375218,
    0.819337852535457,
    0.7115230288997539,
    0.624810624648283,
    0.5548099260644949,
    0.5004744480712497,
    0.4519021297452738
  ],
  "test_loss": 0.4455997054977917,
  "test_ppl": 1.5614263110510231,
  "best_valid_loss": 0.4519021297452738,
  "model_params": {
    "total": 17988844,
    "trainable": 17988844
  }
}