{
  "args": {
    "data_dir": "data",
    "min_freq": 2,
    "max_len": 128,
    "mode": "encoder",
    "d_model": 256,
    "n_heads": 4,
    "n_layers": 2,
    "d_ff": 1024,
    "dropout": 0.1,
    "batch_size": 64,
    "epochs": 15,
    "lr": 0.0001,
    "weight_decay": 0.01,
    "clip_grad": 1.0,
    "label_smoothing": 0.1,
    "use_warmup": false,
    "warmup_steps": 4000,
    "seed": 42,
    "save_dir": "checkpoints",
    "num_workers": 0,
    "use_pos_encoding": true,
    "exp_name": "ablation_fewer_layers"
  },
  "train_losses": [
    6.777386999584051,
    5.720636041265091,
    5.334875105244968,
    4.558385164231908,
    3.4164904966524903,
    2.6365060214692697,
    2.0879837425817915,
    1.6846449325156605,
    1.3873482826142052,
    1.163602562850826,
    0.9900806633563228,
    0.8520309922191903,
    0.7407408603316866,
    0.649054136946835,
    0.5732122459808315
  ],
  "valid_losses": [
    5.748313976707114,
    5.345577942948497,
    4.833942608920416,
    3.481707540980033,
    2.5706924380276117,
    1.965359935167898,
    1.529563677015524,
    1.2208104722474427,
    1.0049960317282742,
    0.8423717185252867,
    0.7224342930355395,
    0.6297574477373785,
    0.5565121092876326,
    0.49744484368390635,
    0.4496182547431602
  ],
  "test_loss": 0.4423402776398747,
  "test_ppl": 1.5563452398256348,
  "best_valid_loss": 0.4496182547431602,
  "model_params": {
    "total": 16409324,
    "trainable": 16409324
  }
}