{
  "args": {
    "data_dir": "data",
    "min_freq": 2,
    "max_len": 128,
    "d_model": 256,
    "n_heads": 2,
    "n_layers": 4,
    "d_ff": 1024,
    "dropout": 0.1,
    "batch_size": 64,
    "epochs": 15,
    "lr": 0.0001,
    "weight_decay": 0.01,
    "clip_grad": 1.0,
    "label_smoothing": 0.1,
    "use_warmup": false,
    "warmup_steps": 4000,
    "seed": 42,
    "save_dir": "checkpoints",
    "num_workers": 0,
    "exp_name": "ablation_fewer_heads"
  },
  "train_losses": [
    5.731086639764206,
    4.803883616338318,
    4.343917366899441,
    4.0269860699783635,
    3.7919599749108825,
    3.61166832343659,
    3.469560587294934,
    3.351536738109638,
    3.251445783592632,
    3.165534485339088,
    3.09349431127377,
    3.028930815328483,
    2.9694114320838954,
    2.912902958642489,
    2.865267492358152
  ],
  "valid_losses": [
    4.87428773522981,
    4.246819214769246,
    3.857468521221614,
    3.601811782342396,
    3.3891675773851886,
    3.2474114449410765,
    3.137676989150893,
    3.056961921092169,
    3.005799233474143,
    2.9555924244187275,
    2.9239484437431185,
    2.8964409309425205,
    2.890762552351295,
    2.8563094214325617,
    2.8692998011806274
  ],
  "test_loss": 2.9388388956882747,
  "test_ppl": 18.89389578743253,
  "best_valid_loss": 2.8563094214325617,
  "model_params": {
    "total": 64450152,
    "trainable": 64450152
  },
  "src_vocab_size": 59616,
  "tgt_vocab_size": 81512
}