{
  "args": {
    "data_dir": "data",
    "min_freq": 2,
    "max_len": 128,
    "d_model": 256,
    "n_heads": 4,
    "n_layers": 4,
    "d_ff": 1024,
    "dropout": 0.1,
    "batch_size": 64,
    "epochs": 15,
    "lr": 0.0001,
    "weight_decay": 0.01,
    "clip_grad": 1.0,
    "label_smoothing": 0.0,
    "use_warmup": false,
    "warmup_steps": 4000,
    "seed": 42,
    "save_dir": "checkpoints",
    "num_workers": 0,
    "exp_name": "ablation_no_label_smoothing"
  },
  "train_losses": [
    6.599225829980191,
    5.545459334810571,
    5.0111093008483705,
    4.6301711750007515,
    4.348049555631215,
    4.134259228404352,
    3.963155481824531,
    3.8221999657168846,
    3.7030957141765346,
    3.600819349942975,
    3.510095718542466,
    3.4312597499962356,
    3.3565724683629212,
    3.2867853343093287,
    3.224471601207687
  ],
  "valid_losses": [
    5.651830635494705,
    4.931273400206986,
    4.481475698953397,
    4.1487012233041165,
    3.9178848092400056,
    3.7360026003138254,
    3.6104375205656067,
    3.5106474389298508,
    3.4375336463689696,
    3.3769820598290847,
    3.325968527110257,
    3.283330861817083,
    3.2904821066662002,
    3.231647213995594,
    3.2420117780394624
  ],
  "test_loss": 3.333866601109256,
  "test_ppl": 28.046577243237675,
  "best_valid_loss": 3.231647213995594,
  "model_params": {
    "total": 64450152,
    "trainable": 64450152
  },
  "src_vocab_size": 59616,
  "tgt_vocab_size": 81512
}