{
  "args": {
    "data_dir": "data",
    "min_freq": 2,
    "max_len": 128,
    "mode": "encoder",
    "d_model": 256,
    "n_heads": 4,
    "n_layers": 4,
    "d_ff": 1024,
    "dropout": 0.0,
    "batch_size": 64,
    "epochs": 15,
    "lr": 0.0001,
    "weight_decay": 0.01,
    "clip_grad": 1.0,
    "label_smoothing": 0.1,
    "use_warmup": false,
    "warmup_steps": 4000,
    "seed": 42,
    "save_dir": "checkpoints",
    "num_workers": 0,
    "use_pos_encoding": true,
    "exp_name": "ablation_no_dropout"
  },
  "train_losses": [
    6.732372324024878,
    5.533192389626326,
    3.9151035371395695,
    2.660845854448397,
    1.909845106907213,
    1.3864419275626645,
    1.0273698709376733,
    0.7753940227280391,
    0.5984105431012827,
    0.47130233852669084,
    0.37721180625463413,
    0.3055336911371853,
    0.249731210750487,
    0.20537501371337,
    0.16961324367058772
  ],
  "valid_losses": [
    5.6782162352530925,
    4.759161345618598,
    2.938706328340922,
    2.052744153522293,
    1.4473063160350061,
    1.0403321168893045,
    0.7671438683750423,
    0.5830603584413596,
    0.45714546604425943,
    0.36956071637738985,
    0.3045420711709561,
    0.25668265046745853,
    0.21674234022209318,
    0.1874568785052433,
    0.1625159525109379
  ],
  "test_loss": 0.1694658442648225,
  "test_ppl": 1.1846718830029774,
  "best_valid_loss": 0.1625159525109379,
  "model_params": {
    "total": 17988844,
    "trainable": 17988844
  }
}