{
  "args": {
    "data_dir": "data",
    "min_freq": 2,
    "max_len": 128,
    "mode": "encoder",
    "d_model": 256,
    "n_heads": 4,
    "n_layers": 4,
    "d_ff": 1024,
    "dropout": 0.3,
    "batch_size": 64,
    "epochs": 15,
    "lr": 0.0001,
    "weight_decay": 0.01,
    "clip_grad": 1.0,
    "label_smoothing": 0.1,
    "use_warmup": false,
    "warmup_steps": 4000,
    "seed": 42,
    "save_dir": "checkpoints",
    "num_workers": 0,
    "use_pos_encoding": true,
    "exp_name": "ablation_higher_dropout"
  },
  "train_losses": [
    6.81994936925223,
    5.846836023497713,
    5.549938438923601,
    5.337788708968068,
    5.101405351715239,
    4.754502074752445,
    4.260225032968102,
    3.7108580539330873,
    3.213266067445569,
    2.8022768562098874,
    2.4647051553651083,
    2.1794326710546907,
    1.938813286827803,
    1.7379344701375785,
    1.5660994091326326
  ],
  "valid_losses": [
    5.85862072224219,
    5.458792753503057,
    5.244222155798872,
    5.010948280490652,
    4.572465729759777,
    3.9498894927620958,
    3.256531080179904,
    2.6504845175155842,
    2.2125027433578093,
    1.894099450004279,
    1.6381499356495046,
    1.4281152676532176,
    1.2577804089253668,
    1.1211913337155397,
    1.0072220168305814
  ],
  "test_loss": 0.986269547877539,
  "test_ppl": 2.6812136537129567,
  "best_valid_loss": 1.0072220168305814,
  "model_params": {
    "total": 17988844,
    "trainable": 17988844
  }
}