{
  "args": {
    "data_dir": "data",
    "min_freq": 2,
    "max_len": 128,
    "d_model": 256,
    "n_heads": 8,
    "n_layers": 4,
    "d_ff": 1024,
    "dropout": 0.1,
    "batch_size": 64,
    "epochs": 15,
    "lr": 0.0001,
    "weight_decay": 0.01,
    "clip_grad": 1.0,
    "label_smoothing": 0.1,
    "use_warmup": false,
    "warmup_steps": 4000,
    "seed": 42,
    "save_dir": "checkpoints",
    "num_workers": 0,
    "exp_name": "ablation_more_heads"
  },
  "train_losses": [
    5.746839831943618,
    4.890691203113816,
    4.419005614324268,
    4.084294183925362,
    3.8275811217936986,
    3.6282169654418395,
    3.4700315648032753,
    3.3440320487090194,
    3.240887826375944,
    3.1523437656392628,
    3.0772297146399885,
    3.0121307765611594,
    2.951276083136987,
    2.896103400987785,
    2.8453811646594294
  ],
  "valid_losses": [
    5.00848416755519,
    4.364509125120461,
    3.984049411000661,
    3.6851356093205925,
    3.4625783394773344,
    3.2911218416850065,
    3.175368446542721,
    3.0797392505206913,
    3.0287527294957326,
    2.968474402193208,
    2.93732619006916,
    2.9004345677075767,
    2.893271312824541,
    2.8706307609692963,
    2.869518376519635
  ],
  "test_loss": 2.9396474539726754,
  "test_ppl": 18.909178781159028,
  "best_valid_loss": 2.869518376519635,
  "model_params": {
    "total": 64450152,
    "trainable": 64450152
  },
  "src_vocab_size": 59616,
  "tgt_vocab_size": 81512
}