{
  "args": {
    "data_dir": "data",
    "min_freq": 2,
    "max_len": 128,
    "mode": "encoder",
    "d_model": 256,
    "n_heads": 2,
    "n_layers": 4,
    "d_ff": 1024,
    "dropout": 0.1,
    "batch_size": 64,
    "epochs": 15,
    "lr": 0.0001,
    "weight_decay": 0.01,
    "clip_grad": 1.0,
    "label_smoothing": 0.1,
    "use_warmup": false,
    "warmup_steps": 4000,
    "seed": 42,
    "save_dir": "checkpoints",
    "num_workers": 0,
    "use_pos_encoding": true,
    "exp_name": "ablation_fewer_heads"
  },
  "train_losses": [
    6.76873259300838,
    5.7061466492335295,
    4.795881785421443,
    3.6473013503607397,
    2.843524221728073,
    2.3054920625181277,
    1.8955148881361785,
    1.5791660629767004,
    1.3334051039609767,
    1.1407059390624836,
    0.9879720432236526,
    0.8647662570444264,
    0.7628518073541983,
    0.6785280380457832,
    0.6072371128734739
  ],
  "valid_losses": [
    5.736838815448455,
    5.274246691398708,
    3.563721688178881,
    2.7273681217833796,
    2.154847718547961,
    1.7142066011220214,
    1.380714101157179,
    1.1380302610111692,
    0.9555916858857794,
    0.8223881081570278,
    0.712576303375133,
    0.6273897788155559,
    0.5613328344361601,
    0.5043607113921998,
    0.45521387862235896
  ],
  "test_loss": 0.4480299824515465,
  "test_ppl": 1.5652256242514395,
  "best_valid_loss": 0.45521387862235896,
  "model_params": {
    "total": 17988844,
    "trainable": 17988844
  }
}