{
  "args": {
    "data_dir": "data",
    "min_freq": 2,
    "max_len": 128,
    "d_model": 256,
    "n_heads": 4,
    "n_layers": 2,
    "d_ff": 1024,
    "dropout": 0.1,
    "batch_size": 64,
    "epochs": 15,
    "lr": 0.0001,
    "weight_decay": 0.01,
    "clip_grad": 1.0,
    "label_smoothing": 0.1,
    "use_warmup": false,
    "warmup_steps": 4000,
    "seed": 42,
    "save_dir": "checkpoints",
    "num_workers": 0,
    "exp_name": "ablation_fewer_layers"
  },
  "train_losses": [
    5.539749219509044,
    4.567533372152844,
    4.143155864848766,
    3.8605746036859387,
    3.6581427957844155,
    3.5062216994194353,
    3.3843979847744383,
    3.2846138528844415,
    3.1997254933408734,
    3.125166020759931,
    3.059937187526125,
    3.002426790678362,
    2.951219153795455,
    2.9042493715948274,
    2.8625306002114597
  ],
  "valid_losses": [
    4.605430767262712,
    4.025725964836018,
    3.6987963903477423,
    3.4666912495431017,
    3.306720352376018,
    3.206348059502465,
    3.1313141038729704,
    3.0874955335941694,
    3.03734419400491,
    3.0026235519082576,
    2.9781984585680097,
    2.96916570737855,
    2.9806078904403184,
    2.961392608313778,
    2.955650470419888
  ],
  "test_loss": 3.034673937163106,
  "test_ppl": 20.79419657923996,
  "best_valid_loss": 2.955650470419888,
  "model_params": {
    "total": 60763752,
    "trainable": 60763752
  },
  "src_vocab_size": 59616,
  "tgt_vocab_size": 81512
}