{
  "args": {
    "data_dir": "data",
    "min_freq": 2,
    "max_len": 128,
    "d_model": 256,
    "n_heads": 4,
    "n_layers": 4,
    "d_ff": 1024,
    "dropout": 0.3,
    "batch_size": 64,
    "epochs": 15,
    "lr": 0.0001,
    "weight_decay": 0.01,
    "clip_grad": 1.0,
    "label_smoothing": 0.1,
    "use_warmup": false,
    "warmup_steps": 4000,
    "seed": 42,
    "save_dir": "checkpoints",
    "num_workers": 0,
    "exp_name": "ablation_higher_dropout"
  },
  "train_losses": [
    6.021837751977656,
    5.499596424767023,
    5.242537185420167,
    5.059599165270037,
    4.837199368978801,
    4.642407064364946,
    4.483152592975409,
    4.340837991182403,
    4.207376786606778,
    4.081306899754155,
    3.96422799798195,
    3.8626324433806434,
    3.7748737006622246,
    3.698725795409165,
    3.62892561988548
  ],
  "valid_losses": [
    5.4536101454306944,
    5.131792299020461,
    4.923028556200174,
    4.705000204679769,
    4.429921043545131,
    4.2472246827644335,
    4.0810234471023055,
    3.931585332865212,
    3.8007784302006224,
    3.670467372700565,
    3.55277260798894,
    3.4583050052398145,
    3.366823207887292,
    3.3096544897841835,
    3.245298560892366
  ],
  "test_loss": 3.308763119030047,
  "test_ppl": 27.351274270616262,
  "best_valid_loss": 3.245298560892366,
  "model_params": {
    "total": 64450152,
    "trainable": 64450152
  },
  "src_vocab_size": 59616,
  "tgt_vocab_size": 81512
}