{
  "args": {
    "data_dir": "data",
    "min_freq": 2,
    "max_len": 128,
    "d_model": 128,
    "n_heads": 4,
    "n_layers": 4,
    "d_ff": 512,
    "dropout": 0.1,
    "batch_size": 64,
    "epochs": 15,
    "lr": 0.0001,
    "weight_decay": 0.01,
    "clip_grad": 1.0,
    "label_smoothing": 0.1,
    "use_warmup": false,
    "warmup_steps": 4000,
    "seed": 42,
    "save_dir": "checkpoints",
    "num_workers": 0,
    "exp_name": "ablation_smaller_model"
  },
  "train_losses": [
    6.050920600729208,
    5.298433466692254,
    4.917542696111229,
    4.631128892287183,
    4.411229505010814,
    4.228106781919817,
    4.07235069563958,
    3.943135072799124,
    3.8329244024470177,
    3.736258715136061,
    3.651009352728699,
    3.573803416806071,
    3.5092333981933685,
    3.453306749144249,
    3.397928090465729
  ],
  "valid_losses": [
    5.316291953357668,
    4.867973641226886,
    4.501988094366953,
    4.249311234642426,
    4.044884933188784,
    3.8827679702237363,
    3.732042053831936,
    3.6152526479693177,
    3.537359819632969,
    3.432788272268593,
    3.3720101074022613,
    3.3010389682391117,
    3.2543888887684775,
    3.223710914503205,
    3.1808007078640803
  ],
  "test_loss": 3.2444284802897796,
  "test_ppl": 25.647048077336084,
  "best_valid_loss": 3.1808007078640803,
  "model_params": {
    "total": 30430824,
    "trainable": 30430824
  },
  "src_vocab_size": 59616,
  "tgt_vocab_size": 81512
}