{
  "args": {
    "data_dir": "data",
    "min_freq": 2,
    "max_len": 128,
    "mode": "encoder",
    "d_model": 256,
    "n_heads": 4,
    "n_layers": 4,
    "d_ff": 1024,
    "dropout": 0.1,
    "batch_size": 64,
    "epochs": 15,
    "lr": 0.0001,
    "weight_decay": 0.01,
    "clip_grad": 1.0,
    "label_smoothing": 0.0,
    "use_warmup": false,
    "warmup_steps": 4000,
    "seed": 42,
    "save_dir": "checkpoints",
    "num_workers": 0,
    "use_pos_encoding": true,
    "exp_name": "ablation_no_label_smoothing"
  },
  "train_losses": [
    7.804518641782683,
    6.545798796889972,
    5.78702495880066,
    4.25151184551948,
    3.310688190852806,
    2.6639986366447967,
    2.1631661894581313,
    1.7771006563341059,
    1.479008648606212,
    1.2467045850765075,
    1.0644829078324172,
    0.918098709020184,
    0.7988110797803909,
    0.7003207819134443,
    0.6176955444104206
  ],
  "valid_losses": [
    6.579254769895239,
    6.080078532224124,
    4.394338234296489,
    3.207102435728048,
    2.5195039521445177,
    1.9902230421744411,
    1.5809525134079674,
    1.274993839668279,
    1.045543555954611,
    0.8699408446024728,
    0.7354048385027142,
    0.6294604642878268,
    0.5448284935019575,
    0.4760960534182584,
    0.41773714781197974
  ],
  "test_loss": 0.412723803455068,
  "test_ppl": 1.5109276553004474,
  "best_valid_loss": 0.41773714781197974,
  "model_params": {
    "total": 17988844,
    "trainable": 17988844
  }
}