{
  "args": {
    "data_dir": "data",
    "min_freq": 2,
    "max_len": 128,
    "mode": "encoder",
    "d_model": 256,
    "n_heads": 4,
    "n_layers": 6,
    "d_ff": 1024,
    "dropout": 0.1,
    "batch_size": 64,
    "epochs": 15,
    "lr": 0.0001,
    "weight_decay": 0.01,
    "clip_grad": 1.0,
    "label_smoothing": 0.1,
    "use_warmup": false,
    "warmup_steps": 4000,
    "seed": 42,
    "save_dir": "checkpoints",
    "num_workers": 0,
    "use_pos_encoding": true,
    "exp_name": "ablation_more_layers"
  },
  "train_losses": [
    6.769742285447532,
    5.725165590374327,
    4.922477075490437,
    3.5779636980590115,
    2.8361419257203715,
    2.335962084128054,
    1.9541437149781204,
    1.6580658015519343,
    1.4236017944154966,
    1.2334204865047447,
    1.0770194941553013,
    0.9464761242018418,
    0.8377084986840502,
    0.7463276427996098,
    0.6688983898268479
  ],
  "valid_losses": [
    5.774327539073489,
    5.305873937783442,
    3.6393596303365325,
    2.752938416826375,
    2.2046217971330426,
    1.792658833345789,
    1.4811971666202814,
    1.2429423171086973,
    1.0562228961212718,
    0.9127660982688031,
    0.7958530948562703,
    0.6996148172069577,
    0.6201021867886596,
    0.5584546950111823,
    0.5055742342531564
  ],
  "test_loss": 0.5036375604044732,
  "test_ppl": 1.6547295149631434,
  "best_valid_loss": 0.5055742342531564,
  "model_params": {
    "total": 19568364,
    "trainable": 19568364
  }
}