{
  "args": {
    "data_dir": "data",
    "min_freq": 2,
    "max_len": 128,
    "mode": "encoder",
    "d_model": 256,
    "n_heads": 8,
    "n_layers": 4,
    "d_ff": 1024,
    "dropout": 0.1,
    "batch_size": 64,
    "epochs": 15,
    "lr": 0.0001,
    "weight_decay": 0.01,
    "clip_grad": 1.0,
    "label_smoothing": 0.1,
    "use_warmup": false,
    "warmup_steps": 4000,
    "seed": 42,
    "save_dir": "checkpoints",
    "num_workers": 0,
    "use_pos_encoding": true,
    "exp_name": "ablation_more_heads"
  },
  "train_losses": [
    6.768670359531522,
    5.6950022759670755,
    5.143644634549967,
    3.906223403365914,
    3.0110383293829273,
    2.432097565089097,
    1.994356305723878,
    1.6550143029428048,
    1.3922074740190078,
    1.1882974038812952,
    1.0261847681012908,
    0.8944350318907309,
    0.7856051638095415,
    0.6950726973737698,
    0.6188853103676809
  ],
  "valid_losses": [
    5.735352974799836,
    5.293798162590672,
    4.075154146541242,
    2.925896953235957,
    2.3039119207677805,
    1.8414508474287938,
    1.4852979308120544,
    1.219762897678826,
    1.026662776350703,
    0.8758224229705136,
    0.7585974459486081,
    0.6647561771222104,
    0.588245012110817,
    0.5279670815458148,
    0.47296176977817805
  ],
  "test_loss": 0.46671812797255174,
  "test_ppl": 1.5947518241281204,
  "best_valid_loss": 0.47296176977817805,
  "model_params": {
    "total": 17988844,
    "trainable": 17988844
  }
}