{
  "args": {
    "data_dir": "data",
    "min_freq": 2,
    "max_len": 128,
    "mode": "seq2seq",
    "d_model": 256,
    "n_heads": 4,
    "n_layers": 4,
    "d_ff": 1024,
    "dropout": 0.1,
    "batch_size": 64,
    "epochs": 20,
    "lr": 0.0001,
    "weight_decay": 0.01,
    "clip_grad": 1.0,
    "label_smoothing": 0.1,
    "use_warmup": false,
    "warmup_steps": 4000,
    "seed": 42,
    "save_dir": "checkpoints",
    "exp_name": "transformer_seq2seq",
    "num_workers": 0
  },
  "train_losses": [
    6.783554923812945,
    5.718358137156376,
    5.374775389886917,
    5.144305635894015,
    4.961281278305095,
    4.755726737136767,
    4.38286067621107,
    3.837751501351079,
    3.1519899382277208,
    2.5418216005504486,
    2.043185740559778,
    1.6652832023353372,
    1.3778766664756361,
    1.1569243622855077,
    0.986443299195872,
    0.8519796474202749,
    0.7441524082381481,
    0.6562120014750945,
    0.5827614924358839,
    0.5199343812246693
  ],
  "valid_losses": [
    5.747948438022721,
    5.321865613609304,
    5.076505409861172,
    4.917508259630187,
    4.738308828434094,
    4.4007003724548515,
    3.757137118672328,
    3.0105810141543627,
    2.2754225905542027,
    1.7228496437792273,
    1.3610464269119336,
    1.110569788778365,
    0.9243931778347899,
    0.7849424707952078,
    0.6797312796201915,
    0.5971367637610594,
    0.5327107002963473,
    0.480533409329055,
    0.4346712825859531,
    0.3985947279565608
  ],
  "test_loss": 0.39017558350643516,
  "test_ppl": 1.477240150118042,
  "best_valid_loss": 0.3985947279565608,
  "model_params": {
    "total": 29603052,
    "trainable": 29603052
  }
}