{
  "args": {
    "data_dir": "data",
    "min_freq": 2,
    "max_len": 128,
    "d_model": 256,
    "n_heads": 4,
    "n_layers": 4,
    "d_ff": 1024,
    "dropout": 0.1,
    "batch_size": 64,
    "epochs": 20,
    "lr": 0.0001,
    "weight_decay": 0.01,
    "clip_grad": 1.0,
    "label_smoothing": 0.1,
    "use_warmup": false,
    "warmup_steps": 4000,
    "seed": 42,
    "save_dir": "checkpoints",
    "exp_name": "transformer_mt",
    "num_workers": 0
  },
  "train_losses": [
    5.7459240657408985,
    4.836374807274679,
    4.368804839077206,
    4.0374373190898085,
    3.7929398477133476,
    3.6050504283513862,
    3.454890390395052,
    3.3340907907040926,
    3.234236506828286,
    3.143465868858261,
    3.0675780696401684,
    3.003682107500552,
    2.946656650586019,
    2.894109309726773,
    2.8453549523533073,
    2.802723278212487,
    2.7636529393354206,
    2.7273717798122394,
    2.6965664830836764,
    2.665983135798553
  ],
  "valid_losses": [
    4.949357854227271,
    4.315634272742085,
    3.9038433111356405,
    3.622181647291166,
    3.4203753463412583,
    3.256260002266147,
    3.147700278564622,
    3.058389100046654,
    2.994205406243655,
    2.9557978847454023,
    2.913253696104284,
    2.8853158777427805,
    2.8794106278810454,
    2.8364448559306172,
    2.8561015517302013,
    2.829670191758352,
    2.849482359025732,
    2.8558034866375617,
    2.835455427750197,
    2.8157506451141114
  ],
  "test_loss": 2.8960241552287274,
  "test_ppl": 18.10203124088845,
  "best_valid_loss": 2.8157506451141114,
  "model_params": {
    "total": 64450152,
    "trainable": 64450152
  },
  "src_vocab_size": 59616,
  "tgt_vocab_size": 81512
}